{
  "results": [
    {
      "command": "Zap (ARC)",
      "mean": 9.942026888260001,
      "stddev": 2.0718354950437847,
      "median": 10.78862848816,
      "user": 9.848301960000002,
      "system": 0.06355305999999998,
      "min": 6.86256584216,
      "max": 12.05671921716,
      "times": [
        10.69165721716,
        12.05671921716,
        11.22802150916,
        10.58720946716,
        11.55935355116,
        11.39632521816,
        10.88559975916,
        7.0548135501600004,
        6.86256584216,
        7.09800355116
      ],
      "memory_usage_byte": [
        236748800,
        236748800,
        236748800,
        236748800,
        236748800,
        236748800,
        236748800,
        236748800,
        236748800,
        236748800
      ],
      "exit_codes": [
        0,
        0,
        0,
        0,
        0,
        0,
        0,
        0,
        0,
        0
      ]
    },
    {
      "command": "Zap (Arena)",
      "mean": 3.00024017166,
      "stddev": 0.05973288349553964,
      "median": 2.9922255716599997,
      "user": 2.53593066,
      "system": 0.46288436,
      "min": 2.93079700916,
      "max": 3.08553105116,
      "times": [
        3.06692167516,
        2.93079700916,
        2.94956755116,
        2.9642156341600003,
        2.98671138416,
        3.08189996716,
        2.99773975916,
        2.93105800916,
        3.08553105116,
        3.00795967616
      ],
      "memory_usage_byte": [
        9821978624,
        9821978624,
        9821978624,
        9821978624,
        9821978624,
        9821978624,
        9821978624,
        9821978624,
        9821978624,
        9821978624
      ],
      "exit_codes": [
        0,
        0,
        0,
        0,
        0,
        0,
        0,
        0,
        0,
        0
      ]
    }
  ]
}
