{
  "results": [
    {
      "command": "Zap (ARC)",
      "mean": 4.975006948239999,
      "stddev": 0.8157239144450565,
      "median": 4.74298617324,
      "user": 4.93576144,
      "system": 0.007628500000000001,
      "min": 4.34348829824,
      "max": 7.154482423239999,
      "times": [
        7.154482423239999,
        4.90955692324,
        4.78276292324,
        4.70320942324,
        4.68466950624,
        4.3866400062399995,
        5.05747929824,
        5.22627000724,
        4.501510673239999,
        4.34348829824
      ],
      "memory_usage_byte": [
        1966080,
        1966080,
        1966080,
        1966080,
        1966080,
        1966080,
        1966080,
        1966080,
        1966080,
        1966080
      ],
      "exit_codes": [
        0,
        0,
        0,
        0,
        0,
        0,
        0,
        0,
        0,
        0
      ]
    },
    {
      "command": "Zap (Arena)",
      "mean": 6.6667268982399985,
      "stddev": 0.6120517601900622,
      "median": 6.75134421474,
      "user": 5.74234874,
      "system": 0.4444601,
      "min": 5.485983173239999,
      "max": 7.43672109024,
      "times": [
        5.485983173239999,
        7.43672109024,
        6.71344600624,
        6.789242423239999,
        7.1428145902399995,
        6.21287221524,
        6.54836513124,
        6.80469842324,
        6.102634131239999,
        7.430491798239999
      ],
      "memory_usage_byte": [
        3618766848,
        3618766848,
        3618766848,
        3618766848,
        3618766848,
        3618783232,
        3618783232,
        3618783232,
        3618783232,
        3618783232
      ],
      "exit_codes": [
        0,
        0,
        0,
        0,
        0,
        0,
        0,
        0,
        0,
        0
      ]
    }
  ]
}
