{
  "results": [
    {
      "command": "Zap (ARC)",
      "mean": 0.74545135074,
      "stddev": 0.0976027907804056,
      "median": 0.7497803300400001,
      "user": 0.7387750799999999,
      "system": 0.005153759999999999,
      "min": 0.59974403854,
      "max": 0.8497306625400001,
      "times": [
        0.8497306625400001,
        0.8321831215400001,
        0.84374341354,
        0.8455346635400001,
        0.75077578854,
        0.7062044125400001,
        0.7487848715400001,
        0.67167862154,
        0.60613391354,
        0.59974403854
      ],
      "memory_usage_byte": [
        21954560,
        21954560,
        22413312,
        22773760,
        22773760,
        22773760,
        22773760,
        22773760,
        22773760,
        22773760
      ],
      "exit_codes": [
        0,
        0,
        0,
        0,
        0,
        0,
        0,
        0,
        0,
        0
      ]
    },
    {
      "command": "Zap (Arena)",
      "mean": 0.48304952574,
      "stddev": 0.04211359671999691,
      "median": 0.47114239254000007,
      "user": 0.48228978,
      "system": 0.0009445599999999995,
      "min": 0.43208237154000007,
      "max": 0.57417112154,
      "times": [
        0.46963887154000006,
        0.43208237154000007,
        0.4413542045400001,
        0.4608396215400001,
        0.46925332954000004,
        0.4726459135400001,
        0.48352674654000005,
        0.49772220554,
        0.52926087154,
        0.57417112154
      ],
      "memory_usage_byte": [
        26673152,
        26673152,
        26673152,
        26673152,
        26673152,
        26673152,
        26673152,
        26673152,
        26673152,
        26673152
      ],
      "exit_codes": [
        0,
        0,
        0,
        0,
        0,
        0,
        0,
        0,
        0,
        0
      ]
    }
  ]
}
