{
  "results": [
    {
      "command": "Zap (ARC)",
      "mean": 2.6615683848400002,
      "stddev": 0.12844260272565844,
      "median": 2.6391631974400003,
      "user": 2.6564787999999995,
      "system": 0.0037925399999999996,
      "min": 2.51868111444,
      "max": 2.93767432244,
      "times": [
        2.82176073944,
        2.67372078044,
        2.63819194744,
        2.93767432244,
        2.51868111444,
        2.53301665544,
        2.64013444744,
        2.65946548844,
        2.59349032244,
        2.5995480304400003
      ],
      "memory_usage_byte": [
        1966080,
        1966080,
        1966080,
        1966080,
        1966080,
        1966080,
        1966080,
        1966080,
        1966080,
        1966080
      ],
      "exit_codes": [
        0,
        0,
        0,
        0,
        0,
        0,
        0,
        0,
        0,
        0
      ]
    },
    {
      "command": "Zap (Arena)",
      "mean": 4.20426141864,
      "stddev": 1.1750291830028659,
      "median": 4.6748840314399995,
      "user": 3.9991265999999994,
      "system": 0.01425114,
      "min": 2.64817786444,
      "max": 5.88974719744,
      "times": [
        2.84687265544,
        2.64817786444,
        2.74488065644,
        4.74682465644,
        5.00620653144,
        4.76732073944,
        3.47135173944,
        5.88974719744,
        5.31828873944,
        4.60294340644
      ],
      "memory_usage_byte": [
        1966080,
        1966080,
        1966080,
        1966080,
        1966080,
        1966080,
        1966080,
        1966080,
        1966080,
        1966080
      ],
      "exit_codes": [
        0,
        0,
        0,
        0,
        0,
        0,
        0,
        0,
        0,
        0
      ]
    }
  ]
}
