{
  "results": [
    {
      "command": "Zap (ARC)",
      "mean": 0.15923925828000002,
      "stddev": 0.014790885019638694,
      "median": 0.15087378748000002,
      "user": 0.15624573999999997,
      "system": 0.0018951200000000001,
      "min": 0.14435647498,
      "max": 0.18061009998000002,
      "times": [
        0.14982609998000002,
        0.17344834998,
        0.18061009998000002,
        0.17991122498,
        0.16968234998,
        0.15192147498,
        0.14435647498,
        0.14737184998,
        0.14760734998,
        0.14765730798
      ],
      "memory_usage_byte": [
        1949696,
        1949696,
        1949696,
        1949696,
        1949696,
        1949696,
        1949696,
        1949696,
        1949696,
        1949696
      ],
      "exit_codes": [
        0,
        0,
        0,
        0,
        0,
        0,
        0,
        0,
        0,
        0
      ]
    },
    {
      "command": "Zap (Arena)",
      "mean": 0.16273887078,
      "stddev": 0.020176132640974124,
      "median": 0.15934626648,
      "user": 0.15916243999999996,
      "system": 0.0022494199999999994,
      "min": 0.13766209998,
      "max": 0.19025601598,
      "times": [
        0.18171409998000002,
        0.19025601598,
        0.18155193398,
        0.18379626698,
        0.16366930798,
        0.14937989198,
        0.14635472498000002,
        0.13766209998,
        0.13798114098,
        0.15502322498
      ],
      "memory_usage_byte": [
        1949696,
        1949696,
        1949696,
        1949696,
        1949696,
        1949696,
        1949696,
        1949696,
        1949696,
        1949696
      ],
      "exit_codes": [
        0,
        0,
        0,
        0,
        0,
        0,
        0,
        0,
        0,
        0
      ]
    }
  ]
}
