{
  "results": [
    {
      "command": "Zap (ARC)",
      "mean": 0.43265396442000004,
      "stddev": 0.15724075927190845,
      "median": 0.42888824372,
      "user": 0.34135192000000003,
      "system": 0.007187319999999999,
      "min": 0.23720545172000002,
      "max": 0.73054803472,
      "times": [
        0.23720545172000002,
        0.25718428572,
        0.32172257672000004,
        0.38730524372,
        0.65684724372,
        0.73054803472,
        0.42363895172000005,
        0.44020170172000006,
        0.43774861872000004,
        0.43413753572
      ],
      "memory_usage_byte": [
        1949696,
        1949696,
        1949696,
        1949696,
        1949696,
        1949696,
        1949696,
        1949696,
        1949696,
        1949696
      ],
      "exit_codes": [
        0,
        0,
        0,
        0,
        0,
        0,
        0,
        0,
        0,
        0
      ]
    },
    {
      "command": "Zap (Arena)",
      "mean": 0.42068810162000003,
      "stddev": 0.007304975701051102,
      "median": 0.42088111822000007,
      "user": 0.40678452,
      "system": 0.0067058199999999995,
      "min": 0.41220482672000003,
      "max": 0.43231178472000004,
      "times": [
        0.41252495172000003,
        0.41714561772000003,
        0.41220482672000003,
        0.41331270172000006,
        0.42461661872000006,
        0.42474332672000004,
        0.42540853472000006,
        0.43231178472000004,
        0.42863907672000007,
        0.41597357672000007
      ],
      "memory_usage_byte": [
        1949696,
        1949696,
        1949696,
        1949696,
        1949696,
        1949696,
        1949696,
        1949696,
        1949696,
        1949696
      ],
      "exit_codes": [
        0,
        0,
        0,
        0,
        0,
        0,
        0,
        0,
        0,
        0
      ]
    }
  ]
}
