{
  "results": [
    {
      "command": "Zap (ARC)",
      "mean": 12.190959995580002,
      "stddev": 2.4485168419390435,
      "median": 12.64980395788,
      "user": 11.916630279999996,
      "system": 0.11223505999999998,
      "min": 9.122003833379999,
      "max": 14.92207499938,
      "times": [
        12.02268991638,
        14.92207499938,
        14.70227929138,
        14.60703345838,
        14.13546054138,
        13.27691799938,
        10.68386608338,
        9.27364983338,
        9.122003833379999,
        9.16362399938
      ],
      "memory_usage_byte": [
        236748800,
        236748800,
        236748800,
        236748800,
        236748800,
        236748800,
        236748800,
        236748800,
        236748800,
        236748800
      ],
      "exit_codes": [
        0,
        0,
        0,
        0,
        0,
        0,
        0,
        0,
        0,
        0
      ]
    },
    {
      "command": "Zap (Arena)",
      "mean": 6.251476458379999,
      "stddev": 2.133764806977092,
      "median": 5.94166022938,
      "user": 4.693812879999999,
      "system": 0.9975589599999999,
      "min": 4.0270744583799996,
      "max": 9.07751858338,
      "times": [
        4.0270744583799996,
        4.52981100038,
        4.14900570838,
        4.13320074938,
        4.63438112538,
        9.07751858338,
        8.75021991638,
        8.38559870838,
        7.57901500038,
        7.24893933338
      ],
      "memory_usage_byte": [
        9821978624,
        9821978624,
        9821978624,
        9821978624,
        9821978624,
        9821978624,
        9821978624,
        9821978624,
        9821978624,
        9821978624
      ],
      "exit_codes": [
        0,
        0,
        0,
        0,
        0,
        0,
        0,
        0,
        0,
        0
      ]
    }
  ]
}
