{
  "results": [
    {
      "command": "Zap (ARC)",
      "mean": 6.25812524338,
      "stddev": 0.6537327019764491,
      "median": 6.412344256180001,
      "user": 5.834715780000001,
      "system": 0.02014044,
      "min": 4.84450006868,
      "max": 7.1651424846800005,
      "times": [
        4.84450006868,
        6.66073123468,
        5.82113202668,
        6.741178151680001,
        6.20739269368,
        6.43774423568,
        6.58690610968,
        5.729581151680001,
        7.1651424846800005,
        6.38694427668
      ],
      "memory_usage_byte": [
        1966080,
        1966080,
        1966080,
        1966080,
        1966080,
        1966080,
        1966080,
        1966080,
        1966080,
        1966080
      ],
      "exit_codes": [
        0,
        0,
        0,
        0,
        0,
        0,
        0,
        0,
        0,
        0
      ]
    },
    {
      "command": "Zap (Arena)",
      "mean": 5.13751042258,
      "stddev": 1.0054146159038153,
      "median": 5.3729082556800005,
      "user": 4.678098579999999,
      "system": 0.31962573999999994,
      "min": 3.53925769368,
      "max": 6.57129865168,
      "times": [
        5.33489177668,
        6.57129865168,
        5.9199264436800005,
        4.88074906768,
        5.710684818680001,
        4.59898231868,
        3.54193719368,
        3.53925769368,
        5.41092473468,
        5.866451526680001
      ],
      "memory_usage_byte": [
        3618783232,
        3618783232,
        3618783232,
        3618783232,
        3618783232,
        3618783232,
        3618783232,
        3618783232,
        3618783232,
        3618783232
      ],
      "exit_codes": [
        0,
        0,
        0,
        0,
        0,
        0,
        0,
        0,
        0,
        0
      ]
    }
  ]
}
