{
  "results": [
    {
      "command": "Zap (ARC)",
      "mean": 0.43114678994,
      "stddev": 0.07052407300393092,
      "median": 0.39441792344000004,
      "user": 0.42644491999999995,
      "system": 0.0033582799999999995,
      "min": 0.36426981844,
      "max": 0.5893009024400001,
      "times": [
        0.5893009024400001,
        0.50654498544,
        0.42726140244000005,
        0.39508527744000005,
        0.36426981844,
        0.38066473544,
        0.39334511144,
        0.39375056944000003,
        0.39253906944,
        0.46870602744
      ],
      "memory_usage_byte": [
        20938752,
        20938752,
        20938752,
        20938752,
        20938752,
        20938752,
        20938752,
        20938752,
        20938752,
        22036480
      ],
      "exit_codes": [
        0,
        0,
        0,
        0,
        0,
        0,
        0,
        0,
        0,
        0
      ]
    },
    {
      "command": "Zap (Arena)",
      "mean": 0.43721951924,
      "stddev": 0.021576726312912627,
      "median": 0.43137738144000004,
      "user": 0.43230762,
      "system": 0.00366938,
      "min": 0.41706811044000003,
      "max": 0.47159656944,
      "times": [
        0.47037473644000005,
        0.43697440244,
        0.41712394444,
        0.41893448644000003,
        0.44808306944000004,
        0.41706811044000003,
        0.47159656944,
        0.44865890244,
        0.42578036044,
        0.41760061044
      ],
      "memory_usage_byte": [
        26673152,
        26673152,
        26673152,
        26673152,
        26673152,
        26673152,
        26673152,
        26673152,
        26673152,
        26673152
      ],
      "exit_codes": [
        0,
        0,
        0,
        0,
        0,
        0,
        0,
        0,
        0,
        0
      ]
    }
  ]
}
