{
  "results": [
    {
      "command": "Zap (ARC)",
      "mean": 2.53282388584,
      "stddev": 0.17008779016481748,
      "median": 2.46581952734,
      "user": 2.5216856799999996,
      "system": 0.00945588,
      "min": 2.3364112778400004,
      "max": 2.78916686084,
      "times": [
        2.3364112778400004,
        2.7346361108400004,
        2.48432086084,
        2.39939352684,
        2.54723419484,
        2.78916686084,
        2.44731819384,
        2.3871897358400003,
        2.4323270688400003,
        2.77024102784
      ],
      "memory_usage_byte": [
        1933312,
        1933312,
        1949696,
        1949696,
        1949696,
        1949696,
        1949696,
        1949696,
        1949696,
        1949696
      ],
      "exit_codes": [
        0,
        0,
        0,
        0,
        0,
        0,
        0,
        0,
        0,
        0
      ]
    },
    {
      "command": "Zap (Arena)",
      "mean": 2.9018335315400003,
      "stddev": 0.7129487065692708,
      "median": 2.63014933984,
      "user": 2.8875804799999996,
      "system": 0.00856328,
      "min": 2.3419684858400003,
      "max": 4.61995915284,
      "times": [
        2.3419684858400003,
        2.78242619384,
        2.4273861938400003,
        2.4778724858400003,
        2.4454040268400004,
        2.81926048584,
        2.45283673584,
        3.08661473584,
        4.61995915284,
        3.56460681884
      ],
      "memory_usage_byte": [
        1949696,
        1949696,
        1949696,
        1949696,
        1949696,
        1949696,
        1949696,
        1949696,
        1949696,
        1949696
      ],
      "exit_codes": [
        0,
        0,
        0,
        0,
        0,
        0,
        0,
        0,
        0,
        0
      ]
    }
  ]
}
