{
  "results": [
    {
      "command": "Zap (ARC)",
      "mean": 0.13252550069999997,
      "stddev": 0.0037937161917411095,
      "median": 0.1330586469,
      "user": 0.13029432000000002,
      "system": 0.0015506399999999994,
      "min": 0.1274213334,
      "max": 0.1365900834,
      "times": [
        0.1360878344,
        0.1365900834,
        0.1361182924,
        0.1339025424,
        0.1298970834,
        0.1290968344,
        0.1274213334,
        0.1274871264,
        0.1322147514,
        0.1364391254
      ],
      "memory_usage_byte": [
        1949696,
        1949696,
        1949696,
        1949696,
        1949696,
        1949696,
        1949696,
        1949696,
        1949696,
        1949696
      ],
      "exit_codes": [
        0,
        0,
        0,
        0,
        0,
        0,
        0,
        0,
        0,
        0
      ]
    },
    {
      "command": "Zap (Arena)",
      "mean": 0.13102004239999998,
      "stddev": 0.0018835550086780646,
      "median": 0.13104800090000002,
      "user": 0.12865822,
      "system": 0.0016293399999999993,
      "min": 0.1281204584,
      "max": 0.1343995844,
      "times": [
        0.1343995844,
        0.1281204584,
        0.1308709174,
        0.1312250844,
        0.1301203754,
        0.1319851674,
        0.1312508754,
        0.1288604594,
        0.1332163754,
        0.1301511264
      ],
      "memory_usage_byte": [
        1949696,
        1949696,
        1949696,
        1949696,
        1949696,
        1949696,
        1949696,
        1949696,
        1949696,
        1949696
      ],
      "exit_codes": [
        0,
        0,
        0,
        0,
        0,
        0,
        0,
        0,
        0,
        0
      ]
    }
  ]
}
