{
  "results": [
    {
      "command": "Zap (ARC)",
      "mean": 0.21410805668000005,
      "stddev": 0.006209325741633362,
      "median": 0.21294817338000002,
      "user": 0.21233580000000002,
      "system": 0.0012383600000000002,
      "min": 0.20673946538000001,
      "max": 0.23001854838000002,
      "times": [
        0.23001854838000002,
        0.21730579838000003,
        0.21363800638000002,
        0.21015704838000002,
        0.20673946538000001,
        0.21130254838,
        0.21281313238000002,
        0.21351209038000002,
        0.21251071438000002,
        0.21308321438000002
      ],
      "memory_usage_byte": [
        1949696,
        1949696,
        1949696,
        1949696,
        1949696,
        1949696,
        1949696,
        1949696,
        1949696,
        1949696
      ],
      "exit_codes": [
        0,
        0,
        0,
        0,
        0,
        0,
        0,
        0,
        0,
        0
      ]
    },
    {
      "command": "Zap (Arena)",
      "mean": 0.21646389408000005,
      "stddev": 0.006238874276145573,
      "median": 0.21641538188000004,
      "user": 0.2147305,
      "system": 0.0011784600000000003,
      "min": 0.20493200638,
      "max": 0.22571971538000002,
      "times": [
        0.21512688138000002,
        0.20493200638,
        0.21600434038000002,
        0.21292863138,
        0.21067921538,
        0.21693825638000003,
        0.22571971538000002,
        0.22123858938000002,
        0.21682642338000002,
        0.22424488138
      ],
      "memory_usage_byte": [
        1949696,
        1949696,
        1949696,
        1949696,
        1949696,
        1949696,
        1949696,
        1949696,
        1949696,
        1949696
      ],
      "exit_codes": [
        0,
        0,
        0,
        0,
        0,
        0,
        0,
        0,
        0,
        0
      ]
    }
  ]
}
